"id",
"900033914WA",
"900122334WA",
"900202926WA",
"900283519WA",
"900452532WA",
"900533124WA",
"900702137WA",
"900782729WA",
"900951742WA",
"901032334WA",
"901112926WA",
"901201347WA",
"901281939WA",
"901362531WA",
"901450952WA",
"901531544WA",
"901612136WA",
"901700557WA",
"901781149WA",
"901861741WA",
"902030754WA",
"902111346WA",
"902280359WA",
"902360951WA",
"902529964WA",
"902610557WA",
"902691149WA",
"902779569WA",
"902860162WA",
"902940754WA",
"903029174WA",
"903109767WA",
"903190359WA",
"903359372WA",
"903439964WA",
"903608977WA",
"903689569WA",
"903858582WA",
"903939174WA",
"904019766WA",
"904108187WA",
"904188779WA",
"904269371WA",
"904357792WA",
"904438384WA",
"904518976WA",
"904607397WA",
"904687989WA",
"904768582WA",
"904937594WA",
"905018187WA",
"905187199WA",
"905267792WA",
"905436804WA",
"905517397WA",
"905597989WA",
"905686410WA",
"905767002WA",
"905847594WA",
"905936015WA",
"906016607WA",
"906097199WA",
"906185620WA",
"906266212WA",
"906346804WA",
"906515817WA",
"906596409WA",
"906765422WA",
"906846014WA",
"907015027WA",
"907095619WA",
"907176212WA",
"907264632WA",
"907345224WA",
"907425817WA",
"907514237WA",
"907594829WA",
"907675422WA",
"907844435WA",
"907925027WA",
"908094040WA",
"908174632WA",
"908343645WA",
"908424237WA",
"908504829WA",
"908593250WA",
"908673842WA",
"908754434WA",
"908842855WA",
"908923447WA",
"909004039WA",
"909092460WA",
"909173052WA",
"909253644WA",
"909422657WA",
"909503249WA",
"909672262WA",
"909752854WA",
"909921867WA",
"910002460WA",
"910083052WA",
"910171472WA",
"910252065WA",
"910332657WA",
"910421077WA",
"910501670WA",
"910582262WA",
"910670682WA",
"910751275WA",
"910831867WA",
"911000880WA",
"911081472WA",
"911250485WA",
"911331077WA",
"911500090WA",
"911580682WA",
"911661274WA",
"911749695WA",
"911830287WA",
"911910879WA",
"911999300WA",
"912079892WA",
"912160484WA",
"912329497WA",
"912410090WA",
"912579102WA",
"912659695WA",
"912828707WA",
"912909300WA",
"912989892WA",
"913078313WA",
"913158905WA",
"913239497WA",
"913327918WA",
"913408510WA",
"913489102WA",
"913577523WA",
"913658115WA",
"913738707WA",
"913907720WA",
"913988312WA",
"914157325WA",
"914237917WA",
"914406930WA",
"914487522WA",
"914568115WA",
"914656535WA",
"914737127WA",
"914817720WA",
"914906140WA",
"914986732WA",
"915067325WA",
"915155745WA",
"915236337WA",
"915316930WA",
"915485943WA",
"915566535WA",
"915735548WA",
"915816140WA",
"915985153WA",
"916065745WA",
"916146337WA",
"916234758WA",
"916315350WA",
"916395942WA",
"916484363WA",
"916564955WA",
"916645547WA",
"916814560WA",
"916895152WA",
"917064165WA",
"917144757WA",
"917313770WA",
"917394362WA",
"917474955WA",
"917563375WA",
"917643968WA",
"917724560WA",
"917812980WA",
"917893573WA",
"917974165WA",
"918062585WA",
"918143178WA",
"918223770WA",
"918392783WA",
"918473375WA",
"918642388WA",
"918722980WA",
"918891993WA",
"918972585WA",
"919053177WA",
"919141598WA",
"919222190WA",
"919302782WA",
"919391203WA",
"919471795WA",
"919552387WA",
"919721400WA",
"919801993WA",
"919971005WA",
"920051598WA",
"920220610WA",
"920301203WA",
"920470215WA",
"920550808WA",
"920631400WA",
"920719821WA",
"920800413WA",
"920881005WA",
"920969426WA",
"921050018WA",
"921130610WA",
"921299623WA",
"921380215WA",
"921549228WA",
"921629820WA",
"921798833WA",
"921879425WA",
"921960017WA",
"922048438WA",
"922129030WA",
"922209623WA",
"922298043WA",
"922378635WA",
"922459228WA",
"922547648WA",
"922628240WA",
"922708833WA",
"922877846WA",
"922958438WA",
"923127451WA",
"923208043WA",
"923377056WA",
"923457648WA",
"923538240WA",
"923626661WA",
"923707253WA",
"923787845WA",
"923876266WA",
"923956858WA",
"924037450WA",
"924206463WA",
"924287055WA",
"924456068WA",
"924536660WA",
"924705673WA",
"924786265WA",
"924866858WA",
"924955278WA",
"925035871WA",
"925116463WA",
"925204883WA",
"925285476WA",
"925366068WA",
"925454488WA",
"925535081WA",
"925615673WA",
"925784686WA",
"925865278WA",
"926034291WA",
"926114883WA",
"926283896WA",
"926364488WA",
"926445080WA",
"926533501WA",
"926614093WA",
"926694685WA",
"926783106WA",
"926863698WA",
"926944290WA",
"927032711WA",
"927113303WA",
"927193895WA",
"927362908WA",
"927443501WA",
"927612513WA",
"927693106WA",
"927862118WA",
"927942711WA",
"928023303WA",
"928111724WA",
"928192316WA",
"928272908WA",
"928361329WA",
"928441921WA",
"928522513WA",
"928691526WA",
"928772118WA",
"928941131WA",
"929021723WA",
"929190736WA",
"929271328WA",
"929351920WA",
"929440341WA",
"929520933WA",
"929601526WA",
"929689946WA",
"929770538WA",
"929851131WA",
"929939551WA",
"930020143WA",
"930100736WA",
"930269748WA",
"930350341WA",
"930519354WA",
"930599946WA",
"930768959WA",
"930849551WA",
"930930143WA",
"931018564WA",
"931099156WA",
"931179748WA",
"931268169WA",
"931348761WA",
"931429353WA",
"931517774WA",
"931598366WA",
"931678958WA",
"931847971WA",
"931928563WA",
"932097576WA",
"932178168WA",
"932347181WA",
"932427773WA",
"932508366WA",
"932596786WA",
"932677379WA",
"932757971WA",
"932846391WA",
"932926984WA",
"933007576WA",
"933176589WA",
"933257181WA",
"933426194WA",
"933506786WA",
"933675799WA",
"933756391WA",
"933836983WA",
"933925404WA",
"934005996WA",
"934086588WA",
"934175009WA",
"934255601WA",
"934336193WA",
"934424614WA",
"934505206WA",
"934585798WA",
"934754811WA",
"934835404WA",
"935004416WA",
"935085009WA",
"935254021WA",
"935334614WA",
"935415206WA",
"935503626WA",
"935584219WA",
"935664811WA",
"935753232WA",
"935833824WA",
"935914416WA",
"936002837WA",
"936083429WA",
"936164021WA",
"936333034WA",
"936413626WA",
"936582639WA",
"936663231WA",
"936832244WA",
"936912836WA",
"936993428WA",
"937081849WA",
"937162441WA",
"937243034WA",
"937331454WA",
"937412046WA",
"937492639WA",
"937661651WA",
"937742244WA",
"937911257WA",
"937991849WA",
"938160862WA",
"938241454WA",
"938322046WA",
"938410467WA",
"938491059WA",
"938571651WA",
"938660072WA",
"938740664WA",
"938821256WA",
"938909677WA",
"938990269WA",
"939070861WA",
"939239874WA",
"939320466WA",
"939489479WA",
"939570071WA",
"939739084WA",
"939819676WA",
"939900269WA",
"939988689WA",
"940069281WA",
"940149874WA",
"940238294WA",
"940318887WA",
"940399479WA",
"940487899WA",
"940568492WA",
"940649084WA",
"940818097WA",
"940898689WA",
"941067702WA",
"941148294WA",
"941317307WA",
"941397899WA",
"941478491WA",
"941566912WA",
"941647504WA",
"941728096WA",
"941816517WA",
"941897109WA",
"941977701WA",
"942146714WA",
"942227306WA",
"942396319WA",
"942476912WA",
"942645924WA",
"942726517WA",
"942807109WA",
"942895529WA",
"942976122WA",
"943056714WA",
"943145135WA",
"943225727WA",
"943306319WA",
"943394740WA",
"943475332WA",
"943555924WA",
"943724937WA",
"943805529WA",
"943974542WA",
"944055134WA",
"944224147WA",
"944304739WA",
"944385331WA",
"944473752WA",
"944554344WA",
"944634937WA",
"944723357WA",
"944803949WA",
"944884542WA",
"944972962WA",
"945053554WA",
"945134147WA",
"945303159WA",
"945383752WA",
"945552765WA",
"945633357WA",
"945802370WA",
"945882962WA",
"945963554WA",
"946051975WA",
"946132567WA",
"946213159WA",
"946301580WA",
"946382172WA",
"946462764WA",
"946631777WA",
"946712369WA",
"946881382WA",
"946961974WA",
"947130987WA",
"947211579WA",
"947292172WA",
"947380592WA",
"947461184WA",
"947541777WA",
"947630197WA",
"947710790WA",
"947791382WA",
"947879802WA",
"947960395WA",
"948040987WA",
"948210000WA",
"948290592WA",
"948459605WA",
"948540197WA",
"948709210WA",
"948789802WA",
"948870394WA",
"948958815WA",
"949039407WA",
"949119999WA",
"949208420WA",
"949289012WA",
"949369604WA",
"949458025WA",
"949538617WA",
"949619209WA",
"949788222WA",
"949868815WA",
"950037827WA",
"950118420WA",
"950287432WA",
"950368025WA",
"950448617WA",
"950537037WA",
"950617630WA",
"950698222WA",
"950786643WA",
"950867235WA",
"950947827WA",
"951116840WA",
"951197432WA",
"951366445WA",
"951447037WA",
"951616050WA",
"951696642WA",
"951777234WA",
"951865655WA",
"951946247WA",
"952026839WA",
"952115260WA",
"952195852WA",
"952276445WA",
"952364865WA",
"952445457WA",
"952526050WA",
"952695062WA",
"952775655WA",
"952944668WA",
"953025260WA",
"953194273WA",
"953274865WA",
"953355457WA",
"953443878WA",
"953524470WA",
"953605062WA",
"953693483WA",
"953774075WA",
"953854667WA",
"953943088WA",
"954023680WA",
"954104272WA",
"954273285WA",
"954353877WA",
"954522890WA",
"954603482WA",
"954772495WA",
"954853087WA",
"954933680WA",
"955022100WA",
"955102692WA",
"955183285WA",
"955271705WA",
"955352298WA",
"955432890WA",
"955601903WA",
"955682495WA",
"955851508WA",
"955932100WA",
"956101113WA",
"956181705WA",
"956262297WA",
"956350718WA",
"956431310WA",
"956511902WA",
"956600323WA",
"956680915WA",
"956761507WA",
"956849928WA",
"956930520WA",
"957011112WA",
"957180125WA",
"957260717WA",
"957429730WA",
"957510323WA",
"957679335WA",
"957759928WA",
"957840520WA",
"957928940WA",
"958009533WA",
"958090125WA",
"958178546WA",
"958259138WA",
"958339730WA",
"958428151WA",
"958508743WA",
"958589335WA",
"958758348WA",
"958838940WA",
"959007953WA",
"959088545WA",
"959257558WA",
"959338150WA",
"959418742WA",
"959507163WA",
"959587755WA",
"959668348WA",
"959756768WA",
"959837360WA",
"959917953WA",
"960086965WA",
"960167558WA",
"960336570WA",
"960417163WA",
"960586176WA",
"960666768WA",
"960747360WA",
"960835781WA",
"960916373WA",
"960996965WA",
"961085386WA",
"961165978WA",
"961246570WA",
"961334991WA",
"961415583WA",
"961496175WA",
"961665188WA",
"961745780WA",
"961914793WA",
"961995385WA",
"962164398WA",
"962244990WA",
"962325583WA",
"962414003WA",
"962494595WA",
"962575188WA",
"962663608WA",
"962744201WA",
"962824793WA",
"962913213WA",
"962993806WA",
"963074398WA",
"963243411WA",
"963324003WA",
"963493016WA",
"963573608WA",
"963742621WA",
"963823213WA",
"963903805WA",
"963992226WA",
"964072818WA",
"964153410WA",
"964241831WA",
"964322423WA",
"964403015WA",
"964572028WA",
"964652620WA",
"964821633WA",
"964902226WA",
"965071238WA",
"965151831WA",
"965232423WA",
"965320843WA",
"965401436WA",
"965482028WA",
"965570448WA",
"965651041WA",
"965731633WA",
"965820054WA",
"965900646WA",
"965981238WA",
"966150251WA",
"966230843WA",
"966399856WA",
"966480448WA",
"966649461WA",
"966730053WA",
"966810645WA",
"966899066WA",
"966979658WA",
"967060250WA",
"967148671WA",
"967229263WA",
"967309856WA",
"967478868WA",
"967559461WA",
"967728473WA",
"967809066WA",
"967978079WA",
"968058671WA",
"968227684WA",
"968308276WA",
"968388868WA",
"968477289WA",
"968557881WA",
"968638473WA",
"968726894WA",
"968807486WA",
"968888078WA",
"969057091WA",
"969137683WA",
"969306696WA",
"969387288WA",
"969556301WA",
"969636893WA",
"969717486WA",
"969805906WA",
"969886498WA",
"969967091WA",
"970055511WA",
"970136103WA",
"970216696WA",
"970305116WA",
"970385709WA",
"970466301WA",
"970635314WA",
"970715906WA",
"970884919WA",
"970965511WA",
"971134524WA",
"971215116WA",
"971295708WA",
"971384129WA",
"971464721WA",
"971545313WA",
"971633734WA",
"971714326WA",
"971794918WA",
"971963931WA",
"972044523WA",
"972213536WA",
"972294128WA",
"972463141WA",
"972543734WA",
"972624326WA",
"972712746WA",
"972793339WA",
"972873931WA",
"972962351WA",
"973042944WA",
"973123536WA",
"973211957WA",
"973292549WA",
"973373141WA",
"973542154WA",
"973622746WA",
"973791759WA",
"973872351WA",
"974041364WA",
"974121956WA",
"974202548WA",
"974290969WA",
"974371561WA",
"974452153WA",
"974540574WA",
"974621166WA",
"974701759WA",
"974790179WA",
"974870771WA",
"974951364WA",
"975120376WA",
"975200969WA",
"975369981WA",
"975450574WA",
"975619587WA",
"975700179WA",
"975780771WA",
"975869192WA",
"975949784WA",
"976030376WA",
"976118797WA",
"976199389WA",
"976279981WA",
"976448994WA",
"976529586WA",
"976698599WA",
"976779191WA",
"976948204WA",
"977028796WA",
"977109389WA",
"977197809WA",
"977278401WA",
"977358994WA",
"977447414WA",
"977528006WA",
"977608599WA",
"977697019WA",
"977777612WA",
"977858204WA",
"978027217WA",
"978107809WA",
"978276822WA",
"978357414WA",
"978526427WA",
"978607019WA",
"978687611WA",
"978776032WA",
"978856624WA",
"978937216WA",
"979025637WA",
"979106229WA",
"979186821WA",
"979275242WA",
"979355834WA",
"979436426WA",
"979605439WA",
"979686031WA",
"979855044WA",
"979935637WA",
"980104649WA",
"980185242WA",
"980265834WA",
"980354254WA",
"980434847WA",
"980515439WA",
"980603859WA",
"980684452WA",
"980765044WA",
"980934057WA",
"981014649WA",
"981183662WA",
"981264254WA",
"981433267WA",
"981513859WA",
"981594451WA",
"981682872WA",
"981763464WA",
"981844056WA",
"981932477WA",
"982013069WA",
"982093661WA",
"982182082WA",
"982262674WA",
"982343267WA",
"982512279WA",
"982592872WA",
"982761884WA",
"982842477WA",
"983011490WA",
"983092082WA",
"983172674WA",
"983261095WA",
"983341687WA",
"983422279WA",
"983510700WA",
"983591292WA",
"983671884WA",
"983760305WA",
"983840897WA",
"983921489WA",
"984090502WA",
"984171094WA",
"984340107WA",
"984420699WA",
"984589712WA",
"984670304WA",
"984750897WA",
"984839317WA",
"984919909WA",
"985000502WA",
"985088922WA",
"985169514WA",
"985250107WA",
"985419120WA",
"985499712WA",
"985668725WA",
"985749317WA",
"985918330WA",
"985998922WA",
"986079514WA",
"986167935WA",
"986248527WA",
"986329119WA",
"986417540WA",
"986498132WA",
"986578724WA",
"986667145WA",
"986747737WA",
"986828329WA",
"986997342WA",
"987077934WA",
"987246947WA",
"987327539WA",
"987496552WA",
"987577145WA",
"987657737WA",
"987746157WA",
"987826750WA",
"987907342WA",
"987995762WA",
"988076355WA",
"988156947WA",
"988245368WA",
"988325960WA",
"988406552WA",
"988575565WA",
"988656157WA",
"988825170WA",
"988905762WA",
"989074775WA",
"989155367WA",
"989235959WA",
"989324380WA",
"989404972WA",
"989485564WA",
"989573985WA",
"989654577WA",
"989735170WA",
"989904182WA",
"989984775WA",
"990153787WA",
"990234380WA",
"990403392WA",
"990483985WA",
"990564577WA",
"990652998WA",
"990733590WA",
"990814182WA",
"990902603WA",
"990983195WA",
"991063787WA",
"991152208WA",
"991232800WA",
"991313392WA",
"991482405WA",
"991562997WA",
"991732010WA",
"991812602WA",
"991981615WA",
"992062207WA",
"992142800WA",
"992231220WA",
"992311812WA",
"992392405WA",
"992480825WA",
"992561417WA",
"992642010WA",
"992730430WA",
"992811023WA",
"992891615WA",
"993060628WA",
"993141220WA",
"993310233WA",
"993390825WA",
"993559838WA",
"993640430WA",
"993721022WA",
"993809443WA",
"993890035WA",
"993970627WA",
"994059048WA",
"994139640WA",
"994220232WA",
"994389245WA",
"994469837WA",
"994638850WA",
"994719442WA",
"994888455WA",
"994969048WA",
"995049640WA",
"995138060WA",
"995218653WA",
"995299245WA",
"995387665WA",
"995468258WA",
"995548850WA",
"995637270WA",
"995717863WA",
"995798455WA",
"995967468WA",
"996048060WA",
"996217073WA",
"996297665WA",
"996466678WA",
"996547270WA",
"996627862WA",
"996716283WA",
"996796875WA",
"996877467WA",
"996965888WA",
"997046480WA",
"997127072WA",
"997215493WA",
"997296085WA",
"997376678WA",
"997545690WA",
"997626283WA",
"997795295WA",
"997875888WA",
"998044901WA",
"998125493WA",
"998206085WA",
"998294506WA",
"998375098WA",
"998455690WA",
"998544111WA",
"998624703WA",
"998705295WA",
"998874308WA",
"998954900WA",
"999123913WA",
"999204505WA",
"999373518WA",
"999454110WA",
"999534703WA",
"999623123WA",
"999703715WA",
"999784308WA",
"999872728WA",
"999953320WA",
